Name,Math,Science,English,History,Computer
Aarav Sharma,88,92,75,80,95
Priya Patel,72,68,85,90,78
Rohan Verma,95,89,91,87,98
Sneha Nair,60,74,82,70,65
Arjun Mehta,45,52,60,55,70
Divya Reddy,78,83,79,85,88
Karan Singh,91,95,88,92,96
Meera Joshi,55,62,70,68,58
Vikram Das,83,77,80,75,85
Ananya Gupta,67,71,73,69,74